﻿<?xml version="1.0" encoding="utf-8"?>
<Solution xmlns="http://schemas.microsoft.com/sharepoint/" SolutionId="2a090ed0-9865-47fd-9691-de30ee726456" SharePointProductVersion="15.0">
  <Assemblies>
    <Assembly Location="SharePointProject1.dll" DeploymentTarget="GlobalAssemblyCache">
      <SafeControls>
        <SafeControl Assembly="SharePointProject1, Version=1.0.0.0, Culture=neutral, PublicKeyToken=30467c5d1428d5da" Namespace="SharePointProject1.VisualWebPart1" TypeName="*" />
      </SafeControls>
    </Assembly>
  </Assemblies>
  <TemplateFiles>
    <TemplateFile Location="SiteTemplates\SiteDefinition1\default.aspx" />
    <TemplateFile Location="SiteTemplates\SiteDefinition1\Xml\onet.xml" />
    <TemplateFile Location="1033\xml\webtemp_SiteDefinition1.xml" />
  </TemplateFiles>
  <FeatureManifests>
    <FeatureManifest Location="SharePointProject1_ProvisionWebPart\Feature.xml" />
  </FeatureManifests>
</Solution>
