﻿<?xml version="1.0" encoding="utf-8"?>
<Solution xmlns="http://schemas.microsoft.com/sharepoint/" SolutionId="517c190a-f500-4f37-b4f6-88ee7dcf9b62" SharePointProductVersion="15.0">
  <Assemblies>
    <Assembly Location="SharePointProject1.dll" DeploymentTarget="GlobalAssemblyCache" />
  </Assemblies>
  <TemplateFiles>
    <TemplateFile Location="Layouts\CustomPersonalSites\style.css" />
    <TemplateFile Location="Images\CustomPersonalSites\suitbar-BG1.png" />
    <TemplateFile Location="Images\CustomPersonalSites\suitbar-BG2.png" />
    <TemplateFile Location="Images\CustomPersonalSites\suitbar-BG3.png" />
  </TemplateFiles>
  <FeatureManifests>
    <FeatureManifest Location="SharePointProject1_ProvisionMaster\Feature.xml" />
  </FeatureManifests>
</Solution>