﻿<?xml version="1.0" encoding="utf-8"?>
<Solution xmlns="http://schemas.microsoft.com/sharepoint/" SolutionId="1000dd24-a30d-4def-892d-ec143f885b01" SharePointProductVersion="15.0">
  <Assemblies>
    <Assembly Location="CustomLook.dll" DeploymentTarget="GlobalAssemblyCache" />
  </Assemblies>
  <TemplateFiles>
    <TemplateFile Location="Images\CustomLook\ThemeImage.jpg" />
  </TemplateFiles>
  <FeatureManifests>
    <FeatureManifest Location="CustomLook_ProvisionCustomLook\Feature.xml" />
  </FeatureManifests>
</Solution>
