﻿<?xml version="1.0" encoding="utf-8"?>
<Solution xmlns="http://schemas.microsoft.com/sharepoint/" SolutionId="87d5c466-77a3-40b3-bf51-750a769c7c26" SharePointProductVersion="15.0">
  <Assemblies>
    <Assembly Location="SharePointProject1.dll" DeploymentTarget="GlobalAssemblyCache" />
  </Assemblies>
  <TemplateFiles>
    <TemplateFile Location="Layouts\CustomBranding\branding.css" />
    <TemplateFile Location="Layouts\CustomBranding\CustomBrandingScripts.js" />
    <TemplateFile Location="Layouts\CustomBranding\jquery.js" />
    <TemplateFile Location="Images\CustomBranding\header-1.jpg" />
    <TemplateFile Location="Images\CustomBranding\header-2.jpg" />
    <TemplateFile Location="Images\CustomBranding\Logo.png" />
  </TemplateFiles>
  <FeatureManifests>
    <FeatureManifest Location="SharePointProject1_ProvisionCollabMaster\Feature.xml" />
  </FeatureManifests>
</Solution>