﻿<?xml version="1.0" encoding="utf-8"?>
<Solution xmlns="http://schemas.microsoft.com/sharepoint/" SolutionId="df8177ad-e76b-4a7f-ae5a-9867681b9f5d" SharePointProductVersion="15.0">
  <Assemblies>
    <Assembly Location="SharePointProject1.dll" DeploymentTarget="GlobalAssemblyCache" />
  </Assemblies>
  <TemplateFiles>
    <TemplateFile Location="ControlTemplates\SharePointProject1\CustomSuiteBar.ascx" />
  </TemplateFiles>
  <FeatureManifests>
    <FeatureManifest Location="SharePointProject1_ProvisionSuiteBar\Feature.xml" />
  </FeatureManifests>
</Solution>