﻿<?xml version="1.0" encoding="utf-8"?>
<Solution xmlns="http://schemas.microsoft.com/sharepoint/" SolutionId="adfc2856-cd21-497d-a2c3-b17077f33826" SharePointProductVersion="15.0">
  <Assemblies>
    <Assembly Location="SharePointProject1.dll" DeploymentTarget="GlobalAssemblyCache">
      <SafeControls>
        <SafeControl Assembly="SharePointProject1, Version=1.0.0.0, Culture=neutral, PublicKeyToken=05a09ed985fc66ce" Namespace="SharePointProject1.SuiteBarDelegate" TypeName="*" />
        <SafeControl Assembly="SharePointProject1, Version=1.0.0.0, Culture=neutral, PublicKeyToken=05a09ed985fc66ce" Namespace="SharePointProject1.ConfigureNavigationItem" TypeName="*" />
      </SafeControls>
    </Assembly>
  </Assemblies>
  <TemplateFiles>
    <TemplateFile Location="ControlTemplates\SharePointProject1\UserControl1.ascx" />
  </TemplateFiles>
  <FeatureManifests>
    <FeatureManifest Location="SharePointProject1_ProvisionSuiteBar\Feature.xml" />
    <FeatureManifest Location="SharePointProject1_ProvisionWebPart\Feature.xml" />
  </FeatureManifests>
</Solution>
