﻿<?xml version="1.0" encoding="utf-8"?>
<Project Title="SiteDefinition1" Revision="2" ListDir="" xmlns:ows="Microsoft SharePoint" xmlns="http://schemas.microsoft.com/sharepoint/">
  <NavBars>
  </NavBars>
  <Configurations>
    <Configuration ID="0" Name="SiteDefinition1">
      <Lists>
        <List FeatureId="00BFEA71-E717-4E80-AA17-D0C71B360101" Type="101" Title="$Resources:core,shareddocuments_Title_15;" Url="$Resources:core,shareddocuments_Folder;" OnQuickLaunch="TRUE" QuickLaunchHeading="TRUE" />
      </Lists>
      <SiteFeatures>
        <!-- BasicWebParts Feature -->
        <Feature ID="00BFEA71-1C5E-4A24-B310-BA51C3EB7A57" />
        <!-- Three-state Workflow Feature -->
        <Feature ID="FDE5D850-671E-4143-950A-87B473922DC7" />
      </SiteFeatures>
      <WebFeatures>
        <!-- TeamCollab Feature -->
        <Feature ID="00BFEA71-4EA5-48D4-A4AD-7EA5C011ABE5" />
        <!-- MobilityRedirect -->
        <Feature ID="F41CC668-37E5-4743-B4A8-74D1DB3FD8A4" />
        <!-- WikiPageHomePage Feature -->
        <Feature ID="00BFEA71-D8FE-4FEC-8DAD-01C19A6E4053" />
        <!-- SiteNotebook Feature -->
        <Feature ID="F151BB39-7C3B-414F-BB36-6BF18872052F" />
        <!-- Getting Started List instance -->
        <Feature ID="4AEC7207-0D02-4f4f-AA07-B370199CD0C7" />
        <!-- MDS -->
        <Feature ID="87294C72-F260-42f3-A41B-981A2FFCE37A" />
        <!-- ProvisionPage -->
        <Feature ID="ff776988-62a5-4676-83c9-fdacd94a56ee" />
      </WebFeatures>
      <Modules>
        <Module Name="DefaultBlank" />
      </Modules>
    </Configuration>
  </Configurations>
  <Modules>
    <Module Name="DefaultBlank" Url="" Path="">
      <File Url="default.aspx">
      </File>
    </Module>
  </Modules>
</Project>
