﻿<?xml version="1.0" encoding="utf-8"?>
<Solution xmlns="http://schemas.microsoft.com/sharepoint/" SolutionId="b79ee46c-c2c0-4f33-b3b5-bc81546b0e7e" SharePointProductVersion="15.0">
  <Assemblies>
    <Assembly Location="SharePointProject1.dll" DeploymentTarget="GlobalAssemblyCache" />
  </Assemblies>
  <TemplateFiles>
    <TemplateFile Location="Layouts\CustomPersonalSites\style.css" />
    <TemplateFile Location="Images\CustomPersonalSites\suitbar-BG1.png" />
    <TemplateFile Location="Images\CustomPersonalSites\suitbar-BG2.png" />
    <TemplateFile Location="Images\CustomPersonalSites\suitbar-BG3.png" />
  </TemplateFiles>
  <FeatureManifests>
    <FeatureManifest Location="SharePointProject1_ProvisionPersonalMaster\Feature.xml" />
  </FeatureManifests>
</Solution>
