﻿<?xml version="1.0" encoding="utf-8"?>
<Project Title="CustomTeamSite" Revision="2" ListDir="" xmlns:ows="Microsoft SharePoint" xmlns="http://schemas.microsoft.com/sharepoint/">
  <NavBars>
  </NavBars>
  <Configurations>
    <Configuration ID="0" Name="CustomTeamSite" MasterUrl="_catalogs/masterpage/seattle.master">
      <Lists/>
      <SiteFeatures>
      </SiteFeatures>
      <WebFeatures>
      </WebFeatures>
      <Modules>
        <Module Name="DefaultBlank" />
      </Modules>
    </Configuration>
  </Configurations>
  <Modules>
    <Module Name="DefaultBlank" Url="" Path="">
      <File Url="default.aspx">
      </File>
    </Module>
  </Modules>
</Project>
