﻿<?xml version="1.0" encoding="utf-8"?>
<Solution xmlns="http://schemas.microsoft.com/sharepoint/" SolutionId="e07feb27-c2fb-42e3-a33c-5a3dccc8711e" SharePointProductVersion="15.0">
  <Assemblies>
    <Assembly Location="SharePointProject1.dll" DeploymentTarget="GlobalAssemblyCache" />
  </Assemblies>
  <TemplateFiles>
    <TemplateFile Location="Layouts\CustomSearchSite\style.css" />
    <TemplateFile Location="Images\CustomSearchSite\suitbar-BG1.png" />
    <TemplateFile Location="Images\CustomSearchSite\suitbar-BG2.png" />
    <TemplateFile Location="Images\CustomSearchSite\suitbar-BG3.png" />
  </TemplateFiles>
  <FeatureManifests>
    <FeatureManifest Location="SharePointProject1_ProvisionSearchMaster\Feature.xml" />
  </FeatureManifests>
</Solution>