﻿<?xml version="1.0" encoding="utf-8"?>
<Elements xmlns="http://schemas.microsoft.com/sharepoint/">
  <Module Name="Page">
    <File Path="Page\default.aspx" Url="testpage.aspx" >
      <AllUsersWebPart ID="WP1" WebPartZoneID="Header">
        <![CDATA[
          <webParts>
            <webPart xmlns="http://schemas.microsoft.com/WebPart/v3">
              <metaData>
                <type name="SharePointProject1.VisualWebPart1.VisualWebPart1, SharePointProject1, Version=1.0.0.0, Culture=neutral, PublicKeyToken=30467c5d1428d5da" />
                <importErrorMessage>Cannot import this Web Part.</importErrorMessage>
              </metaData>
              <data>
                <properties>
                  <property name="HelpMode" type="helpmode">Navigate</property>
                  <property name="ExportMode" type="exportmode">All</property>
                  <property name="HelpUrl" type="string" />
                  <property name="Hidden" type="bool">False</property>
                  <property name="Description" type="string">My Visual Web Part</property>
                  <property name="CatalogIconImageUrl" type="string" />
                  <property name="Title" type="string">Lists &amp; Libraries</property>
                  <property name="AllowHide" type="bool">True</property>
                  <property name="AllowMinimize" type="bool">True</property>
                  <property name="AllowZoneChange" type="bool">True</property>
                  <property name="ChromeType" type="chrometype">Default</property>
                  <property name="AllowConnect" type="bool">True</property>
                  <property name="Width" type="unit" />
                  <property name="Height" type="unit" />
                  <property name="TitleUrl" type="string" />
                  <property name="AllowEdit" type="bool">True</property>
                  <property name="TitleIconImageUrl" type="string" />
                  <property name="Direction" type="direction">NotSet</property>
                  <property name="AllowClose" type="bool">True</property>
                  <property name="ChromeState" type="chromestate">Normal</property>
                </properties>
              </data>
            </webPart>
          </webParts>
        ]]>
      </AllUsersWebPart>
    </File>

</Module>
</Elements>
